id,email,homePhone,cellPhone
1,sfontenot0@wordpress.com,4589432520,8376724635
2,cbuney1@bigcartel.com,6175375160,4847865381
3,cceschelli2@timesonline.co.uk,5488679721,4287419884
4,gmousby3@sfgate.com,1758628237,2822704000
5,dackermann4@hao123.com,5198788914,1457608975
6,brawling5@google.co.jp,2902069612,6184875115
7,jhuton6@netlog.com,7919944542,2282672168
8,lpillington7@smh.com.au,1449850677,3065483477
9,ggrayne8@ftc.gov,6214388599,1232655725
10,npengelly9@usda.gov,6429279782,8662488900
11,hspiringa@blinklist.com,8728499488,1186876688
12,asouthornb@pcworld.com,7815537596,1274269675
13,epeetc@discuz.net,7876928000,3713622819
14,eyoudd@ezinearticles.com,7424926313,8253731548
15,mmaugere@blinklist.com,7813255996,8604120911
16,rcaulwellf@craigslist.org,6932117722,8984670973
17,brookledgeg@yandex.ru,4503907775,6751743164
18,ncreadyh@goo.gl,4726676823,5521868653
19,bhaslumi@wikimedia.org,6408207667,5647284697
20,ggonzalvoj@51.la,3452483761,5344371193
21,tkernockek@etsy.com,3439262240,8834796534
22,ndomicol@phpbb.com,4589969215,7313120225
23,slidgeym@last.fm,5594406604,8475758624
24,lfeildenn@e-recht24.de,4992432627,4321860331
25,dcleifeo@weebly.com,7062173965,9927722590
26,rbyfordp@google.co.jp,4671416148,6145541769
27,dsandbachq@usa.gov,7979546868,1354597838
28,kburrr@indiegogo.com,4451021760,5524037787
29,blinfoots@dmoz.org,4879309106,1289072842
30,rsambidget@webmd.com,8948622295,7643877631
31,dduffittu@etsy.com,6189849993,3275556203
32,ftabourv@java.com,4403667370,3515353558
33,lwilcew@un.org,1805290532,1738662935
34,malenichevx@com.com,6507182421,9103082455
35,hnorvely@about.me,9605394763,5354818398
36,bspadeckz@ask.com,9335743244,7515730383
37,glevins10@apple.com,3094545374,1393943749
38,qcabedo11@usgs.gov,4594738354,6144542406
39,dbendel12@youtube.com,1293314523,1054540612
40,jbusby13@a8.net,1512221345,7891924714
41,aharness14@bigcartel.com,6603004787,2714092490
42,bcready15@comcast.net,7907202270,2208163223
43,ochilds16@mayoclinic.com,4574157565,3154999791
44,gludron17@purevolume.com,3385000617,9164682082
45,bspaducci18@google.co.uk,7437717335,5432808764
46,bdensumbe19@ucoz.ru,6828756674,6266195796
47,lpaolini1a@discovery.com,5196553789,8159248050
48,qpury1b@state.gov,6138800806,4355137449
49,mshimwell1c@weibo.com,7649724887,7542263592
50,dleades1d@google.com.au,6553552665,1292905557
51,lrisen1e@independent.co.uk,7008503250,7238068609
52,mwinkett1f@live.com,8942831588,6575827913
53,vclemmensen1g@ask.com,2845128104,2222479904
54,mfairest1h@wordpress.org,7544606675,1188887957
55,ashilston1i@upenn.edu,1102492742,9317827133
56,ewoolfitt1j@blogs.com,5864118269,8444188742
57,eandress1k@github.io,4925420003,4721183864
58,finsley1l@theatlantic.com,9808281399,7624767339
59,dbartolozzi1m@psu.edu,3317294024,2108170157
60,dallport1n@vkontakte.ru,3237293453,5076086201
61,cpounsett1o@edublogs.org,6868859672,8362499056
62,troust1p@apple.com,3526528216,9732050178
63,zdeath1q@chicagotribune.com,9081194786,5594671143
64,dgawkroge1r@google.de,1795184560,5964511280
65,grathbone1s@cafepress.com,9163843094,2755898071
66,bharrow1t@sohu.com,8489130037,1968127645
67,dphilbrook1u@163.com,2665674851,2262599491
68,chandslip1v@trellian.com,7308285326,2865092675
69,gmclugish1w@dagondesign.com,9042927053,1295417987
70,ewhisker1x@nsw.gov.au,3747398572,6192836773
71,ncicchetto1y@homestead.com,2658267747,4462012554
72,npinckard1z@amazon.de,7772741085,4584225728
73,dveysey20@yale.edu,8308948451,1335774085
74,harangy21@ucoz.ru,3532158649,6029591906
75,eutley22@nymag.com,8558533607,9026194041
76,mwhitefoot23@about.com,1788877911,1591060866
77,mtomenson24@sohu.com,9891386993,4633518952
78,cmarkus25@army.mil,1312267400,5432750495
79,zflukes26@dell.com,6073077120,8801969644
80,pcrommett27@alibaba.com,3764158063,4493949231
81,akemell28@tripod.com,7384788391,8596785184
82,hrowberry29@wufoo.com,6008130873,8968687893
83,jwalkey2a@soundcloud.com,3566805149,3462875046
84,hbrashaw2b@diigo.com,4203529387,3791126091
85,rfarland2c@usnews.com,6784770512,1627129946
86,ddeshorts2d@goo.gl,9784111423,4815190782
87,lmarfell2e@walmart.com,5939162291,4688118061
88,cdietz2f@accuweather.com,3856471570,4805610516
89,bsabati2g@oakley.com,7203216377,9042489129
90,kpaylor2h@drupal.org,6612251307,2703014369
91,godonnelly2i@xing.com,5784631432,2676495301
92,jummfrey2j@spiegel.de,9349000279,9112252971
93,rboldry2k@boston.com,6413680313,9151500375
94,mbulford2l@tripod.com,3434723129,6129083105
95,cvictoria2m@xinhuanet.com,9368227655,7318138048
96,chumbatch2n@yelp.com,3846420990,9906827054
97,kseamen2o@cocolog-nifty.com,2201807447,9842355924
98,rgallahue2p@pagesperso-orange.fr,9362937070,5155565180
99,bdent2q@ow.ly,3551676045,4414799181
100,tdoulton2r@dedecms.com,7052861419,9433647128
101,dgreenly2s@blinklist.com,2546335146,8768507726
102,cbanasik2t@npr.org,1954270742,8152888405
103,rbukowski2u@ameblo.jp,1364801518,8551664575
104,dtomney2v@merriam-webster.com,7069895182,2783415980
105,blyford2w@marriott.com,7624579105,8882231194
106,sabbett2x@goo.gl,3306962509,7931574615
107,bandrat2y@arizona.edu,7682920838,2665034814
108,bsollis2z@foxnews.com,8523151514,8219119990
109,emccready30@networkadvertising.org,4136649944,2099672959
110,phabben31@opensource.org,4506361538,8728465412
111,snoulton32@businessinsider.com,7574879625,1439151003
112,pmallock33@unesco.org,1793536708,6251616453
113,deliez34@wsj.com,8215537121,9257877682
114,ckilty35@washingtonpost.com,2959841580,2058055278
115,ymccoish36@apache.org,6989110673,9922913796
116,ggrafhom37@imageshack.us,9611380700,6755841999
117,jbroadberry38@yale.edu,4806299185,9992032435
118,avoak39@senate.gov,2005321284,6379644641
119,eaitkenhead3a@whitehouse.gov,5048968173,5928998426
120,ggiottini3b@howstuffworks.com,2812128393,2259512800
121,hconyers3c@weebly.com,4217852833,6189548938
122,cdroghan3d@weather.com,9206161631,2965589190
123,twillicott3e@live.com,7278452738,7457810127
124,blindenbaum3f@disqus.com,6503042333,6011305722
125,lfuentez3g@wisc.edu,8872584474,6665488963
126,hreddington3h@sun.com,4061358026,4745297010
127,ehrinishin3i@spotify.com,8758643704,9667604861
128,yspileman3j@imageshack.us,8758533060,4711737767
129,acromblehome3k@phpbb.com,9313174238,8802366867
130,gelverston3l@moonfruit.com,9207176587,4174414645
131,gneubigin3m@buzzfeed.com,9598213359,7219548498
132,kkeedwell3n@ft.com,5599509947,6637209387
133,chove3o@va.gov,9366784257,8323376107
134,gperet3p@sina.com.cn,5449001153,9374114275
135,jnisbith3q@npr.org,1156899017,8947014206
136,nadrain3r@godaddy.com,4169489493,9156418807
137,tthrasher3s@123-reg.co.uk,7778101509,2535579605
138,rfenkel3t@g.co,4989157268,8167458422
139,dfostersmith3u@deliciousdays.com,6679574402,1286399806
140,hsedgeworth3v@mozilla.org,5406756878,8636674619
141,kstacey3w@tripod.com,6143080203,2235454500
142,csimionescu3x@eventbrite.com,8963648826,6184575605
143,kspirritt3y@mtv.com,1449912282,5992423138
144,tshinner3z@ox.ac.uk,1939617918,6355085744
145,ahows40@imageshack.us,8001457777,9161073548
146,dstower41@wordpress.org,5396849988,8032921610
147,tgoman42@hostgator.com,7679601584,8186047364
148,collier43@pcworld.com,1661604651,3407710703
149,jhowett44@google.fr,7183715465,9066919731
150,bmoorton45@intel.com,5352592849,7605240604
151,rrewcastle46@utexas.edu,5572679674,3282058263
152,ddelboux47@list-manage.com,7361764954,3599049504
153,lpol48@nbcnews.com,2961174036,2272555228
154,mfabb49@so-net.ne.jp,3652755065,9253004854
155,bspurdon4a@flavors.me,9523355388,8119259342
156,fkop4b@tinyurl.com,1936551242,2123311752
157,wmilverton4c@cbslocal.com,6036219239,7493106532
158,channer4d@vinaora.com,1018216086,3468032317
159,ddawber4e@businessinsider.com,6758954965,2338472197
160,bodo4f@businessinsider.com,6676610958,8263200312
161,hcamelli4g@msu.edu,5559230847,3118380463
162,wwhitechurch4h@360.cn,7913616938,6848936971
163,dsimner4i@stumbleupon.com,9337772447,6652660335
164,kortells4j@thetimes.co.uk,5173202816,6904206417
165,ntandey4k@rediff.com,8143196843,1476155157
166,rsackur4l@myspace.com,3893303099,3365626880
167,cmcreedy4m@seattletimes.com,4471012853,6864346833
168,rpenn4n@cnet.com,7214215694,7788812533
169,gcamilli4o@hp.com,4209154408,9024645377
170,ebostick4p@geocities.jp,1325843694,2008254035
171,amckeon4q@google.ru,6036523903,1335977669
172,pnaden4r@paginegialle.it,3684678857,3353580700
173,hpinnell4s@lycos.com,5507131651,5831608686
174,jdimbleby4t@i2i.jp,8493361196,5827359301
175,ckeston4u@nsw.gov.au,8674932565,1383877688
176,gcianni4v@who.int,4233171850,2647667644
177,giveans4w@unblog.fr,8319636957,6492042215
178,scapon4x@example.com,8149099765,9466563410
179,awakefield4y@go.com,1433716378,4491430927
180,mswayton4z@artisteer.com,8978426897,3434486924
181,acrumley50@bloglines.com,4045054141,3509634745
182,cbondesen51@examiner.com,9352452142,6883365758
183,mflack52@geocities.com,8024157164,9625946060
184,amckeeman53@jalbum.net,4023825530,6857152219
185,toflannery54@scientificamerican.com,4855858058,5913896072
186,cscawn55@walmart.com,1291763685,4018207225
187,bdunton56@dailymail.co.uk,8325403025,2695824641
188,bterne57@nps.gov,9942781448,1012897980
189,smilvarnie58@ocn.ne.jp,5667000813,8065726663
190,tferronet59@si.edu,8488277286,5151739032
191,kzambon5a@ustream.tv,9398568582,4944423177
192,gcuddon5b@elegantthemes.com,8731950272,2164998237
193,vletessier5c@mediafire.com,1995973687,9785303349
194,cvannucci5d@mayoclinic.com,6801502364,6327108515
195,tnovichenko5e@sohu.com,6824147350,7691320550
196,dannis5f@webs.com,5255302166,3152623369
197,ppoulglais5g@cnbc.com,2726249879,2775668920
198,tdanit5h@jimdo.com,1527097758,7697546947
199,crappport5i@deviantart.com,8706888185,4198388526
200,csitlinton5j@mozilla.com,4689668073,3169117842
201,sfraine5k@drupal.org,7583005752,1029133251
202,lfenny5l@redcross.org,4987131889,6057096277
203,tgierek5m@vistaprint.com,9458642111,3816397071
204,kwilsey5n@google.com.au,9339304337,8564935113
205,bbiaggi5o@taobao.com,9499610665,7323840639
206,aleeson5p@apache.org,4707016333,7123432402
207,ggrigoriev5q@bigcartel.com,1452038162,6528114808
208,bbettenay5r@forbes.com,1902728498,9274261728
209,kberard5s@phpbb.com,3502727250,1306819583
210,hroyan5t@earthlink.net,1154938821,1113734300
211,twillan5u@altervista.org,7964573576,9493860643
212,gaudenis5v@amazon.de,6607079417,3428068761
213,mjohansen5w@cafepress.com,3092468312,4678001519
214,sfenemore5x@dailymail.co.uk,8793878436,5291874544
215,gtremblett5y@omniture.com,5808976318,8241659007
216,kbowles5z@house.gov,2254082463,8954482771
217,vpibsworth60@msn.com,5326745978,8871428303
218,scoulston61@ucoz.com,5808320432,9229882018
219,jpeyto62@devhub.com,2433400696,1675756570
220,tpotteridge63@mozilla.com,8821114331,7223888575
221,cjeffress64@yandex.ru,8657821618,7457660918
222,ssenior65@nationalgeographic.com,7493948704,7578921023
223,ogaylard66@lulu.com,1471943717,8049682794
224,gwhitticks67@weibo.com,8826165838,9798329363
225,ejanousek68@shinystat.com,6429899721,1217748000
226,hswatheridge69@bloomberg.com,1047922116,9824522134
227,rstubley6a@wix.com,1415615196,7272828349
228,mprofit6b@wp.com,5314787273,1538533902
229,abottelstone6c@storify.com,6147190927,9826288838
230,jkliemke6d@edublogs.org,9582454012,5389715191
231,ablazewicz6e@oaic.gov.au,6747451293,6982368799
232,aphear6f@squidoo.com,5336547034,8322147789
233,speachment6g@blinklist.com,2733126054,6229325607
234,mdunham6h@google.co.jp,2726283895,8375198311
235,mgorries6i@boston.com,2785702258,7824389763
236,kbeever6j@fema.gov,6093157587,3277840363
237,dskelly6k@tamu.edu,4614668399,6023606494
238,kstickings6l@cam.ac.uk,9736841044,4065142706
239,gpatriche6m@wiley.com,5193852514,1834016311
240,esouthgate6n@so-net.ne.jp,7393030675,7121332280
241,tthomsen6o@about.me,1293344826,2356239183
242,cwynrahame6p@youku.com,4108912000,4765101436
243,rramstead6q@bravesites.com,9043663996,4737126116
244,mmccombe6r@dot.gov,6022183470,1641437365
245,rcreus6s@ow.ly,5509647324,1579934496
246,ddark6t@facebook.com,4258572435,2054784255
247,bjanatka6u@ca.gov,5169360688,4116679648
248,tkeeble6v@moonfruit.com,8072474154,3601999006
249,pduncklee6w@nsw.gov.au,5767353449,6762814950
250,ctitchard6x@epa.gov,2681627341,3077643251
251,nsnap6y@upenn.edu,5527164683,1068928175
252,jgoricke6z@feedburner.com,2938009121,6542829826
253,daxleby70@last.fm,3014781193,8776939111
254,sthickin71@slate.com,5377351217,4343018692
255,dmatthensen72@vimeo.com,1051799941,5734454418
256,jnoweak73@prnewswire.com,6343148063,9867144078
257,mschistl74@oakley.com,4617955019,2256940144
258,gsouthcombe75@hud.gov,3358874708,1866487345
259,scrofts76@apple.com,8571225771,2364565608
260,oklaaassen77@gizmodo.com,3217300006,4143338192
261,sbradborne78@weibo.com,5248855594,9769773404
262,emarnes79@digg.com,9169597961,9522933222
263,kvanyashkin7a@devhub.com,5604955499,1336769708
264,hbenedtti7b@ask.com,4913936801,8835620799
265,ehanbidge7c@arizona.edu,5222315961,5442095918
266,rbromell7d@joomla.org,7486243399,3081777056
267,kcretney7e@baidu.com,3289466487,7231287032
268,jandreotti7f@hao123.com,1173746587,3767467720
269,mboskell7g@sogou.com,1378275062,2409143166
270,bglantz7h@intel.com,4007361570,3043574579
271,hclewes7i@csmonitor.com,2664681549,2267848065
272,fivashechkin7j@surveymonkey.com,3582737141,1345836807
273,jkall7k@topsy.com,9692036942,1561365711
274,fslocket7l@slideshare.net,1343421259,9731088979
275,cbeccero7m@newyorker.com,2527541586,7176656371
276,brivallant7n@dagondesign.com,2464593758,3555596956
277,crosling7o@ebay.co.uk,8825050223,1423772526
278,bthorneley7p@twitter.com,2903082214,3625695961
279,bstubbert7q@usnews.com,4192052457,1975577596
280,ggawthorpe7r@kickstarter.com,9236976529,8375370948
281,lpurseglove7s@walmart.com,2465822718,8416491960
282,moutlaw7t@irs.gov,1668302336,2202790831
283,hraffles7u@free.fr,1981526929,9069271246
284,ccheccuzzi7v@free.fr,2694390116,9515691907
285,omurthwaite7w@baidu.com,1187144003,1038572803
286,jbarthelmes7x@mozilla.org,8487121589,8254849890
287,hfairlaw7y@cornell.edu,8877909715,5507597019
288,mjolland7z@weather.com,4815601631,1941913649
289,rklageman80@a8.net,5469309643,6748715546
290,wcromarty81@topsy.com,4175524919,4993312097
291,arowbury82@npr.org,3796723022,6605967610
292,zreyne83@ucoz.com,3847474558,1105398425
293,wbiddles84@eepurl.com,4828479049,7716946222
294,mantliff85@patch.com,5267818493,7543587518
295,rbeste86@ifeng.com,8286578883,2175338359
296,zarchdeacon87@youku.com,7577185519,5289000327
297,msmidmore88@tinyurl.com,5343979037,4754178595
298,mcatonne89@abc.net.au,1608819893,2322470944
299,jrake8a@cafepress.com,9566584246,2039632321
300,rudy8b@harvard.edu,7612955495,5799830616
301,abrunicke8c@reddit.com,3815031460,3523581432
302,mdavis8d@java.com,8202611318,7028542545
303,phathorn8e@typepad.com,4263935083,8111204070
304,pgarnson8f@nationalgeographic.com,6766249289,7425944873
305,mpulham8g@yahoo.co.jp,4357209331,2961985686
306,tharber8h@hp.com,4404597051,9592454659
307,bkeiley8i@furl.net,4143331670,6199230571
308,jhandford8j@noaa.gov,1631332152,2568171290
309,mboss8k@economist.com,9002654764,9035935818
310,mscolland8l@dot.gov,5747693950,6216307599
311,vsnodden8m@upenn.edu,9951110330,8531889213
312,llaity8n@marriott.com,5617151615,6129472718
313,dsemple8o@time.com,3189801723,4076417331
314,cstut8p@rakuten.co.jp,8043756987,1978970719
315,rhuckstepp8q@independent.co.uk,6245214615,6118713860
316,sdow8r@cnn.com,4091148111,5811683418
317,rclench8s@freewebs.com,7105458492,9445050235
318,xralling8t@miibeian.gov.cn,9824045767,4235290966
319,fpeart8u@hostgator.com,9275343342,4207108630
320,gpartridge8v@wisc.edu,1971579234,3208494303
321,asurpliss8w@techcrunch.com,3045555908,6752534703
322,jschmuhl8x@stanford.edu,6905101116,2312647571
323,cgreenley8y@cyberchimps.com,9187569325,4086449595
324,rclifft8z@wordpress.com,2412792983,2143495258
325,jroylance90@exblog.jp,4771982074,1047054107
326,sgarahan91@artisteer.com,2265816909,8221709887
327,pborlease92@nydailynews.com,4784864451,1509862413
328,pmcging93@opera.com,5708274650,9759436121
329,rmcgow94@nhs.uk,4366338949,7194227766
330,bmargetts95@princeton.edu,9245489079,7153218810
331,tmaving96@ocn.ne.jp,6774455093,4755312038
332,zstoneman97@tiny.cc,2472333726,2869425066
333,ppagon98@nytimes.com,1765988329,2562763349
334,lhasel99@domainmarket.com,2043369167,5307621459
335,jsanchiz9a@about.com,5944065832,9542753155
336,cregglar9b@lulu.com,6481604742,6103831461
337,rpennock9c@bravesites.com,2747109773,7534364245
338,scawthra9d@people.com.cn,5009587557,8668127711
339,rripsher9e@biblegateway.com,3966559160,2688631462
340,vmoggach9f@census.gov,9371643453,9438021366
341,tgerram9g@yahoo.com,5147166683,5117064408
342,mvanderbrug9h@tinypic.com,9374087575,4484344042
343,hstorrie9i@sphinn.com,8483769457,9246355354
344,gholligan9j@tuttocitta.it,9471999746,3265306174
345,oeastope9k@4shared.com,9563446991,2571069775
346,dwalby9l@ox.ac.uk,8676316389,8767670280
347,fsendall9m@theglobeandmail.com,3981938652,9596830639
348,chehl9n@icq.com,3378744557,1921869025
349,rhuitt9o@rambler.ru,5894168536,2036702276
350,wreuven9p@deliciousdays.com,3865964821,4792029795
351,atrimble9q@accuweather.com,7426575161,3793952412
352,lharbage9r@nationalgeographic.com,1329502353,1986762384
353,bmcasgill9s@clickbank.net,7679994435,3384674383
354,oduncanson9t@hostgator.com,6063430770,3119220246
355,wmonan9u@yelp.com,8198359676,8491257696
356,rryley9v@theglobeandmail.com,8581517520,6178783157
357,arigeby9w@mac.com,2119382599,9994131161
358,jteggin9x@go.com,7798644392,9697815732
359,cpechacek9y@cisco.com,5194134192,5639291260
360,rbudnk9z@devhub.com,5855861819,2771718576
361,cmaccolma0@github.com,3162876984,9552207475
362,dpeerlessa1@elpais.com,7464720451,4791396957
363,tdavidovskya2@youtu.be,5452226487,8236196962
364,dhintzea3@examiner.com,3534392429,4668914019
365,cfrankea4@marketwatch.com,5081605077,6795982308
366,cmoogana5@jugem.jp,2218838148,8279217253
367,gsneesbiea6@w3.org,8697888322,1865233080
368,cgoosea7@msn.com,3341152395,6811387794
369,gwinneya8@rakuten.co.jp,6296706677,7356669152
370,acowlishawa9@icq.com,6654580230,9521235035
371,sbillanyaa@yandex.ru,2298350004,4631552348
372,bghirardiab@google.com.hk,2082271948,3998368492
373,wprogerac@yellowbook.com,5195796414,8471002148
374,tjoistad@instagram.com,9239594379,7449533177
375,grihosekae@imageshack.us,6967105655,6264229212
376,jdyottaf@hao123.com,2788644345,9995777029
377,ehehlag@yelp.com,6493034489,6385678337
378,lparsonageah@blinklist.com,4612909090,9519827323
379,emostinai@hexun.com,8402366754,1313251923
380,fsadlieraj@amazon.de,7115853421,8313394589
381,mbestwerthickak@biglobe.ne.jp,7261967372,3995630000
382,tdoustal@paypal.com,5575327621,9028234109
383,cpingstonam@is.gd,3923716750,5505135317
384,egreensidean@sina.com.cn,1118431234,3004615632
385,lmaccorleyao@huffingtonpost.com,9541904322,3344582108
386,egenteryap@hibu.com,1452833574,3243304449
387,gluciusaq@squarespace.com,6921063859,9153562317
388,phardypigginar@theguardian.com,1624251693,3276804720
389,kradolfas@bandcamp.com,8832957522,6534580492
390,cemblowat@ft.com,4462856734,5011271782
391,nduncanau@hibu.com,4881187685,4334391064
392,chalewoodav@microsoft.com,4671133884,1047830045
393,gfalconertayloraw@illinois.edu,1604671362,3824192061
394,mrowlstoneax@comsenz.com,1469454837,7426705001
395,tsanbrookeay@foxnews.com,2268754185,1943429484
396,mdraiseyaz@examiner.com,5123574413,7987472909
397,aschollerb0@whitehouse.gov,1725141771,3451662150
398,amorcomb1@berkeley.edu,9264311456,1422324234
399,jtimlettb2@opera.com,8694337596,9452746111
400,scarmelb3@msu.edu,5937363646,4673177050
401,rhartburnb4@netscape.com,5095107949,6156145806
402,lrenakb5@constantcontact.com,3059232531,4626645598
403,oduckb6@usgs.gov,9884115096,8942551395
404,erenihanb7@cdbaby.com,9829880765,6531227688
405,cburcombeb8@delicious.com,9031480050,2586026034
406,svosperb9@ning.com,5809530450,5512854431
407,sgrindrodba@aboutads.info,5251424278,2166234917
408,wkramerbb@naver.com,6773931033,5093539630
409,fplaunchbc@blogtalkradio.com,5242555221,5109187409
410,bgiroldibd@vk.com,4511176652,8631528501
411,lpieperbe@statcounter.com,4175383369,3697813588
412,cwalesbybf@oakley.com,1688323737,7642615905
413,rjeanelbg@boston.com,6074374218,3878593071
414,kdowdlebh@irs.gov,1458530607,6617197690
415,jrabbagebi@jimdo.com,6892696671,8098734615
416,mkitchenhambj@cam.ac.uk,9496867916,7973854589
417,lmagnebk@vk.com,4687803216,5828395985
418,sgoadbybl@dell.com,7093269277,7031924241
419,rpenkebm@google.fr,3589156490,9636728329
420,nmuldowniebn@fastcompany.com,7931225069,3976853517
421,gfranssonbo@imageshack.us,6879072090,8364677840
422,amcilherranbp@jugem.jp,4919696741,1132098183
423,nlowmanbq@vinaora.com,9449740335,8693596541
424,ljohnstonbr@wordpress.com,4352814248,8758859552
425,kwyethbs@si.edu,5751127048,2262761466
426,mharrellbt@yelp.com,8636194742,7689139038
427,rminearbu@soup.io,6343105112,6896574366
428,caskiebv@edublogs.org,2898326673,3131473969
429,rpandeybw@virginia.edu,3895355865,5008653677
430,dcullingtonbx@economist.com,6485261342,1826330710
431,aiddinsby@drupal.org,3816686155,7828276567
432,pwiddupbz@amazon.co.uk,9187856161,8759398945
433,sbowcockc0@apple.com,3726744085,1448152111
434,yhectorc1@pinterest.com,9016932930,4683874340
435,amellersc2@t-online.de,8157710351,4286095842
436,byoutheadc3@nhs.uk,1634221158,9126989254
437,hliptrodc4@phpbb.com,4718796139,9362588598
438,bprosekc5@google.com,9377587377,1086630258
439,apurchasec6@blogs.com,6724133469,4254250605
440,mrubinowc7@umn.edu,7516865264,2857409293
441,pscothronc8@merriam-webster.com,2735425265,8817961313
442,ocullingfordc9@cpanel.net,7225088242,1941401668
443,srisingca@cnet.com,9756543184,9395736732
444,edubblecb@irs.gov,1776159601,2085872110
445,ebuckleecc@latimes.com,1232626515,1404964118
446,skehercd@businessinsider.com,6871722207,7909442379
447,ustansburyce@technorati.com,1506801819,7588054566
448,isweetmorecf@fc2.com,9841220777,6646993526
449,hthreadercg@ifeng.com,2006506274,7179283728
450,ljacklingsch@nationalgeographic.com,9798708850,2935487889
451,vbullerci@abc.net.au,8351855501,7742758647
452,ltockellcj@blogs.com,3211456739,7724346231
453,lcrasterck@harvard.edu,7028256496,1759333103
454,hboanascl@hatena.ne.jp,2112616046,4217307997
455,mphilipsohncm@shutterfly.com,5049900701,1119946266
456,mwhitlamcn@yellowpages.com,3752930885,3138626340
457,nfeatherstonehaughco@china.com.cn,2493351557,4642493523
458,jluckwellcp@mozilla.com,2174052935,8985267121
459,lmcgiffiecq@purevolume.com,6956637910,3157058318
460,tkeatchcr@blog.com,8216505127,8764792409
461,cstaresmearecs@ed.gov,8433825528,3509442256
462,klarcherct@123-reg.co.uk,8832066297,2709616144
463,dpiolicu@google.co.jp,3988241064,4816410110
464,ctukesbycv@reverbnation.com,5082012998,6876170073
465,gshipcw@ihg.com,8016626768,2032417055
466,rmullingercx@hubpages.com,2623169868,7294895157
467,ajertzcy@berkeley.edu,3649521226,5042403256
468,tsynckecz@noaa.gov,1613920859,1806093424
469,csprowled0@cornell.edu,4423055863,8369669108
470,cstokesd1@youtu.be,2727360500,5411915865
471,msiretd2@fda.gov,9577293129,2418405097
472,mmeindld3@npr.org,7714120557,6849400575
473,mpetcheyd4@ted.com,2746338847,3557008975
474,nheseyd5@cmu.edu,2675387076,2144210421
475,afetteplaced6@biblegateway.com,1966715364,4371718354
476,fwigselld7@wordpress.org,4167285273,1756126787
477,ajakawayd8@linkedin.com,2376106372,9049793401
478,jgrimselld9@sbwire.com,1699913891,6336496075
479,tcottesfordda@blogspot.com,3041633158,3027323599
480,bissacovdb@blogtalkradio.com,8455621353,6709854837
481,ascarlandc@ebay.com,8581414519,9338110940
482,bcubbindd@europa.eu,3297600077,2412842104
483,kjeannelde@uiuc.edu,2984826094,5304455349
484,ssteansondf@irs.gov,1391980426,1041915005
485,tcolquitedg@sfgate.com,5822759922,2435263292
486,hdunnedh@e-recht24.de,7063147540,4628212485
487,tzannotellidi@oakley.com,4847890566,9899020068
488,djanzdj@illinois.edu,9481081081,4298594437
489,vphillpotdk@myspace.com,1768531939,9706432415
490,nmyersdl@dyndns.org,1761893064,2895678622
491,ktellwrightdm@jalbum.net,3647802922,5727441643
492,jclotworthydn@tuttocitta.it,8428227826,1342993984
493,mthreadgalldo@pcworld.com,1042842729,6787195729
494,cdulydp@domainmarket.com,6164349023,8455770644
495,agiffkinsdq@yolasite.com,7614536642,8967238707
496,apiperleydr@accuweather.com,8667460862,1774369078
497,becclesallds@istockphoto.com,3778738482,5261917279
498,pgartelldt@twitpic.com,3717308035,4716891407
499,csmerdondu@godaddy.com,3436627581,5404547922
500,dbrodheaddv@multiply.com,3622553493,1585846910
501,ebattistadw@vistaprint.com,6627124764,3445154594
502,hpeidrodx@hexun.com,7568242874,7018376946
503,slamardy@altervista.org,3598623746,7263543671
504,fpersedz@discuz.net,1075619832,4633331348
505,cdewanee0@cmu.edu,7061695451,1324470470
506,dramsaye1@unc.edu,2683327267,8299082296
507,wcaffreye2@topsy.com,2979781204,8655551468
508,labrahamie3@mediafire.com,9232701275,9291178630
509,mnobbse4@msu.edu,8566428235,1781810040
510,jbassindalee5@canalblog.com,2623610828,3631561254
511,sdalee6@blogs.com,6992465042,8325176998
512,lcaukille7@cbsnews.com,3947634622,5426127507
513,ekhosae8@nih.gov,8632885129,7631681930
514,ldupeye9@tiny.cc,9804881712,1354468758
515,rhoulthamea@reuters.com,4663594138,6933573967
516,jwaitheb@list-manage.com,4283023359,9792265505
517,zshallcrassec@google.ru,5241762009,9254990666
518,wtalkingtoned@miibeian.gov.cn,4346970047,1471359569
519,cjoderliee@gov.uk,9861374423,7338419498
520,dmumbyef@typepad.com,6752773512,2521658152
521,apimmeg@hibu.com,4673545841,4269686374
522,vostlereh@chron.com,9343575485,6423845345
523,rterramei@cloudflare.com,5158262675,3439623121
524,gcaudrelierej@csmonitor.com,6908721745,8019291828
525,imalthusek@e-recht24.de,2018719110,2295820060
526,vkermathel@soundcloud.com,9156805562,9983775672
527,mcornillotem@ed.gov,7363613105,5329600392
528,jortsmannen@storify.com,5101807803,8974835183
529,kdawtreeo@npr.org,7927028882,9193684288
530,cumbersep@yellowbook.com,5466148512,6735418714
531,mpiddlehintoneq@plala.or.jp,9976252806,7053245597
532,clukaser@washingtonpost.com,4098992452,9259068430
533,jpartridgees@diigo.com,5218582627,4503779874
534,ffoaleet@hexun.com,6697446923,4225738004
535,cgillcristeu@biblegateway.com,2079091083,4009591897
536,crichichiev@sbwire.com,7334724309,1799118832
537,wsweetew@archive.org,8807200329,6939193266
538,eweekleyex@pbs.org,9286376333,6596827238
539,osurmeyerey@smugmug.com,4104343541,6566026127
540,ebroadfootez@shutterfly.com,3995308056,8381133737
541,sscranedgef0@tripod.com,3135558604,7766711093
542,mhamletf1@umn.edu,7725845971,9365971516
543,ecejkaf2@jiathis.com,5909550170,4746781389
544,dclausewitzf3@edublogs.org,5742538978,1603643120
545,amingayef4@google.it,8236967311,4058670707
546,sreillyf5@privacy.gov.au,3711815020,9703606047
547,fshillumf6@desdev.cn,4017195573,9396893573
548,btomasicchiof7@army.mil,1355218451,9357877779
549,akilshawf8@bloglines.com,7658969292,4487056290
550,aanfonsif9@bbb.org,9416108486,4534286263
551,smorrelfa@wunderground.com,3403737529,4961022885
552,gperellofb@senate.gov,4894459924,4389848989
553,mblackahfc@toplist.cz,2142370758,5793321962
554,jcrundenfd@paginegialle.it,2831845247,1937586567
555,cwiburnfe@state.tx.us,7311077469,4848645980
556,igammellff@theglobeandmail.com,3538474812,4416992562
557,lkrollefg@squarespace.com,8369151753,5631830950
558,bricardonfh@twitter.com,6877445919,7336311184
559,dkryszkieciczfi@ycombinator.com,5155528250,1619699696
560,mdemitrisfj@goodreads.com,4049297890,9351247010
561,jbertomierfk@imageshack.us,3956116442,3506828812
562,mweippertfl@forbes.com,5768461489,3904146079
563,dteaseyfm@bing.com,2071486235,3154305178
564,mdareyfn@stumbleupon.com,1232340960,3143386001
565,cmillhousefo@myspace.com,1728017110,8436787747
566,hscholesfp@weather.com,6487979706,2743948355
567,llafrentzfq@chicagotribune.com,1536872346,1054639589
568,tsanbrookefr@symantec.com,2218487865,3327387272
569,amccombfs@spotify.com,9305446627,7986791496
570,flinceft@washington.edu,4079319351,5632967273
571,hgerhartzfu@comcast.net,3503558222,7103467188
572,tluntfv@jugem.jp,2522326560,8822143974
573,rlevyfw@qq.com,4172254891,8829795317
574,mdesimonifx@privacy.gov.au,8566101537,9527181188
575,hcarradicefy@yelp.com,2242451790,3017024299
576,rtwyfordfz@samsung.com,2706046572,8297923364
577,mmilleyg0@netvibes.com,1044602046,5197323882
578,amealandg1@blogs.com,5003305109,7033998760
579,atyneg2@deliciousdays.com,5169692324,8179915051
580,mborrellg3@nih.gov,3617711680,4842512067
581,bnewdickg4@marketwatch.com,9694961255,6396007532
582,gbrimbleg5@cbsnews.com,9954857557,9155362580
583,mvigarsg6@zdnet.com,7079513751,7443396930
584,vseivwrightg7@jugem.jp,7173005358,1003475537
585,ogourlieg8@blogspot.com,5144081069,2463969290
586,mblampiedg9@xinhuanet.com,4648049152,1076538861
587,ccarriganga@topsy.com,9575689657,5446002857
588,hkobierzyckigb@wp.com,5766853250,2608967959
589,yturberngc@unblog.fr,6533651333,3274985023
590,kcapehorngd@businesswire.com,7798384447,6553644788
591,rmcwhinniege@cocolog-nifty.com,6063863728,6012536860
592,npouckgf@cisco.com,2197731933,5896196551
593,ydibatistagg@cbc.ca,9702648494,3496242648
594,dmallengh@webnode.com,8561025537,3134941366
595,twroughtgi@hubpages.com,4596064724,7413575761
596,nragbournegj@histats.com,7575069970,5456763281
597,rbumgk@forbes.com,7929868872,1133309917
598,dmowsongl@pinterest.com,6515659854,2025021253
599,dsecretgm@opensource.org,4193414988,9024935462
600,tonggn@naver.com,7248401339,8317847163
601,kgivensgo@gnu.org,5248713020,3955646310
602,pllopisgp@networkadvertising.org,2374681042,9408184786
603,rhaberjamgq@hugedomains.com,9363752598,2408531067
604,sgreenrdegr@arizona.edu,5361802034,4036800259
605,jninnottigs@bizjournals.com,9099901980,9803618427
606,ftillotgt@opera.com,6282991933,4079336594
607,dkermittgu@stanford.edu,7177407009,5495617449
608,bmolfinogv@homestead.com,6453567122,3143955412
609,pmarvelleygw@gnu.org,5941863919,2123504282
610,mcogergx@nhs.uk,5729688606,6646296527
611,mhischkegy@nih.gov,2309227946,4694566676
612,kbrunonegz@hugedomains.com,4068383003,2715163318
613,mmacgrathh0@dagondesign.com,7397588963,2666360939
614,kburtonwoodh1@yahoo.com,2973180388,5897380102
615,tshrawleyh2@ucsd.edu,3576229855,6692428172
616,dlemoirh3@sitemeter.com,1476367269,5825319202
617,mfaulkenerh4@sciencedaily.com,7904623191,8964940321
618,vhopkinsh5@vk.com,1555176051,8161482152
619,rmayhoh6@fema.gov,3482395801,3388376325
620,mfuncheonh7@jugem.jp,2177993502,7415465874
621,aheijnenh8@simplemachines.org,6926562438,8634270488
622,golenechanh9@ftc.gov,5597429839,6241624862
623,mmacsporranha@stumbleupon.com,6218265634,7393002682
624,aklosshb@oakley.com,6385434882,6054039620
625,kfoulshamhc@mozilla.org,1849616560,9891608945
626,smugehd@walmart.com,2298840926,6808847481
627,ydorseyhe@adobe.com,7236781632,1023748502
628,bramshawhf@nba.com,8246921308,3265433390
629,cbesnardeauhg@goo.gl,4845418115,7083877973
630,arayshh@arstechnica.com,1083093198,2459018475
631,bvenninghi@walmart.com,9196311731,9649940199
632,nkaufmanhj@dmoz.org,4863358398,7917440291
633,atresisehk@unesco.org,3775865278,6008244304
634,gbostickhl@webs.com,9976726830,8972401045
635,mpierreponthm@ow.ly,4722278868,3045063723
636,wruffleshn@wired.com,8064901147,7898049767
637,dewbanckho@ocn.ne.jp,3883332533,4695599104
638,mpennickhp@ebay.com,7921184066,2711771067
639,qbinderhq@discuz.net,4697673268,2932148622
640,wbulterhr@vk.com,4608835202,7009601972
641,kwalbyhs@amazon.com,8367856396,2891833893
642,hperrynht@yolasite.com,4359447932,1757588554
643,barnoldshu@blogs.com,4488959824,1357597007
644,rburberowhv@jalbum.net,9715003925,7612797461
645,bkillshawhw@dailymotion.com,1656758293,3525162234
646,dmonkshx@fema.gov,3462889670,3414322636
647,csygroveshy@kickstarter.com,9507779601,3075753599
648,bemblemhz@theglobeandmail.com,1217662115,7148554960
649,dshanklandi0@nyu.edu,9713520555,8093907691
650,dmerredyi1@angelfire.com,8639449611,5686250087
651,pboncoeuri2@facebook.com,8752200740,3232184468
652,wfieldsendi3@un.org,3763492472,2746453354
653,tofergusi4@stumbleupon.com,9839867982,3031907685
654,dthiemi5@shutterfly.com,3557915506,8963962672
655,ibuntingi6@phpbb.com,1253185233,6562324400
656,sharradencei7@ask.com,5001513723,6589904881
657,cvaughni8@deviantart.com,7011894882,1539508310
658,uelnoughi9@chronoengine.com,1335543209,3748336503
659,lthickinsia@360.cn,2411337369,9619058770
660,rlethemib@cmu.edu,8288491741,2247851108
661,amonikeric@flavors.me,1104630486,9924201996
662,scrasterid@sourceforge.net,2866147264,9829338059
663,cbosseie@google.com.au,5319483016,3023791021
664,adupoyif@unesco.org,3058971648,6433914653
665,agwinnig@t.co,3424538088,3208338086
666,abezantih@yahoo.com,7921611623,1577435351
667,jferbyii@canalblog.com,8307181635,7763055876
668,fdahlbomij@ezinearticles.com,9291082864,6478102255
669,cmaccumeskeyik@mysql.com,4938798496,6853480759
670,akellewayil@vk.com,3464409336,1515220515
671,rroscoeim@ebay.co.uk,6956486609,6831980461
672,bblasiakin@weibo.com,9393745256,9895343810
673,jharteganio@chicagotribune.com,7675616636,4976549571
674,tpicotip@istockphoto.com,2016666605,2913871665
675,cdensieiq@wikipedia.org,1984346471,7461237844
676,hcastanagair@whitehouse.gov,5626109947,6898483712
677,atranis@wsj.com,2667217106,2586907063
678,ccrucittiit@biglobe.ne.jp,1888531057,1148965866
679,gcolbraniu@webnode.com,1208617576,9758197465
680,rnolleriv@booking.com,3717985716,7142502047
681,kwoodroffeiw@forbes.com,8882775750,5416556316
682,mitzhaiekix@symantec.com,2793002501,3069279110
683,avenablesiy@tamu.edu,8477069890,1967416496
684,dwalshiz@cdbaby.com,8373169097,5489507193
685,gdinwoodiej0@kickstarter.com,3969296751,7523992339
686,cridesj1@mapy.cz,6733797037,8715488843
687,bturfreyj2@de.vu,5827788863,9574930307
688,cfullagarj3@senate.gov,7323100103,6538364461
689,wstonnellj4@washingtonpost.com,4539323450,6531525279
690,lbeakej5@samsung.com,7363867617,5649570132
691,rbetkej6@sciencedaily.com,5739304828,7834075791
692,rbeddisj7@so-net.ne.jp,8013927857,9047030269
693,jcleynaertj8@freewebs.com,1136360924,7116310420
694,ocrakerj9@blogspot.com,8585865694,4879031431
695,mbutterlyja@youtube.com,8082143132,1186767279
696,rwelfarejb@bizjournals.com,7787401384,3505274431
697,bawdryjc@moonfruit.com,6737095237,4522960955
698,sbernadotjd@hud.gov,9663949701,7093847939
699,mgroomje@example.com,9071840472,6625075237
700,tdownhamjf@joomla.org,7674462267,3338840515
701,kboyetjg@wordpress.com,9637131481,9041870471
702,smullinderjh@hubpages.com,9142248577,7899765253
703,gmeinekenji@hibu.com,8685513082,9749144600
704,dkermannesjj@google.com.au,6097547611,1293475073
705,hackrilljk@va.gov,4025397774,7124374605
706,abagshawejl@wix.com,5402233647,1259545563
707,jferentzjm@yahoo.co.jp,9713490138,3447428803
708,ebrikjn@acquirethisname.com,9543428584,9208368484
709,msteinerjo@businessweek.com,5443202233,6672696411
710,rcatorjp@yale.edu,5097425167,1441899574
711,lmaxsteadjq@mashable.com,1974468880,8633541529
712,lmatteuzzijr@jalbum.net,9347899941,8019273450
713,sottojs@hubpages.com,9483054871,2093360604
714,hvonderemptenjt@harvard.edu,6884122073,4388817611
715,ffallju@netscape.com,6641754173,3681636066
716,aferrisjv@webeden.co.uk,9669638560,8771272446
717,lewelljw@slate.com,6051369433,3332583246
718,sburryjx@surveymonkey.com,1504878074,9868740786
719,srogierjy@360.cn,2551959450,9238343997
720,hwhitehornejz@accuweather.com,4315432236,7351734878
721,gnealyk0@smh.com.au,6061292798,8258794626
722,mevittk1@sohu.com,7678773113,4481730374
723,cfurnellk2@wordpress.org,6507728947,2304436189
724,lboalerk3@theglobeandmail.com,5155628759,7195253863
725,smacgowingk4@github.io,8357663467,3423241034
726,ksendallk5@independent.co.uk,6608889560,3855973743
727,shagstonk6@sciencedirect.com,5866599093,3853372260
728,fbenkink7@feedburner.com,3643550096,6476123335
729,seulerk8@ihg.com,8927375938,3528674136
730,aformank9@umich.edu,4455250917,1988774270
731,blaverickka@buzzfeed.com,7858776894,9402617846
732,omacshiriekb@cafepress.com,3936244249,4713136923
733,rsivillkc@shutterfly.com,6955254445,7954310553
734,xmachargkd@dion.ne.jp,6749779141,6224845249
735,eplacstoneke@java.com,1292409059,1027495587
736,fsaggskf@miibeian.gov.cn,9437078761,4631265131
737,jjedrzejczykkg@theguardian.com,8818977847,8513523273
738,grennisonkh@trellian.com,2562694614,2887287389
739,respadaki@devhub.com,4907925134,3302317171
740,alohmeyerkj@cloudflare.com,6587239711,1218857116
741,pdarnboroughkk@tmall.com,6295961476,7215039058
742,mribeirokl@berkeley.edu,6992356360,3795847875
743,adelgatykm@mozilla.com,5471433898,9367719949
744,kactonkn@rakuten.co.jp,1092537914,3811149951
745,jmacwhanko@rakuten.co.jp,6832950566,1625603420
746,hlyverkp@ask.com,7464945149,5563866198
747,zlefeaverkq@yelp.com,3174834761,5174688444
748,tpeotzkr@about.com,8303812201,3466196846
749,dgabottiks@washingtonpost.com,4744507696,9839172569
750,cmchaffykt@weather.com,2849885454,1181616295
751,blindenbluthku@toplist.cz,3874947287,8134243486
752,tbottelstonekv@census.gov,7189785491,8055464344
753,lyuryevkw@weather.com,8683745791,6389268670
754,vmctrusteykx@icq.com,2908731643,1116787901
755,vdeverallky@theguardian.com,9907796201,9606317439
756,gchansonnekz@google.fr,9091825320,8089695545
757,ffandrichl0@wix.com,1453761413,1678240214
758,shookel1@ibm.com,2045509565,1397440088
759,nguillotl2@google.pl,6781105840,8369893854
760,cimlawl3@fastcompany.com,3039651260,5697598729
761,cderringtonl4@deviantart.com,4583240601,7635725559
762,lstoylesl5@nba.com,9161073530,4279014297
763,wheedl6@bbc.co.uk,6858772187,1966466476
764,eslucockl7@pbs.org,3816364408,3233904655
765,vorisl8@blogtalkradio.com,1094240629,6054475845
766,meyckell9@technorati.com,4036775041,1664210413
767,dburrellla@census.gov,7257820251,1296521226
768,jveroniquelb@printfriendly.com,7807578452,3685049701
769,cgoodbarlc@sbwire.com,1173167834,5423089468
770,mandrinild@gravatar.com,2221778440,2865651056
771,jmillhillle@scientificamerican.com,5856346600,5437189876
772,fedlestonelf@studiopress.com,3709428459,6361468156
773,dfarrerlg@myspace.com,1831206241,7048354551
774,adulintylh@arizona.edu,6947258624,4685562910
775,tpacheli@godaddy.com,6646377116,7155803601
776,jbeavenlj@vkontakte.ru,1244356490,8889308404
777,htothacotlk@wiley.com,4468025607,2088460332
778,cponterll@irs.gov,3473958879,5454144570
779,bcowuplm@usa.gov,3876772121,1955654704
780,ddewfallln@dyndns.org,3161629254,7647330152
781,jspikeingslo@yahoo.com,3853340360,2301920362
782,lsegravelp@de.vu,5477586288,3444762747
783,ebottelq@rambler.ru,9111238422,6675654836
784,isamwayeslr@tinypic.com,6291048392,9779563413
785,kreinmarls@admin.ch,2018334967,7242458681
786,ecorneslt@baidu.com,5448639898,3962610674
787,cleiferlu@elpais.com,8271651745,7293027448
788,blainlv@over-blog.com,6448330712,2472098301
789,mhaquinlw@mediafire.com,2615596455,1669674272
790,ssinnettlx@mozilla.org,3048637653,9985971211
791,dliversedgely@un.org,7766789333,5749315729
792,gkorneslz@boston.com,5051196266,4799269816
793,hseilerm0@eepurl.com,4125697304,9284937221
794,vaustonm1@cocolog-nifty.com,3235099830,3442841290
795,kbosherm2@indiegogo.com,4136757654,3607391785
796,edrucem3@posterous.com,8825124343,3914526866
797,ajantzenm4@a8.net,7611431174,7033840544
798,jgudem5@reference.com,3583876916,1189618094
799,orestallm6@msu.edu,2795273445,1612952045
800,adufourm7@cafepress.com,8975247374,1413050890
801,bjarrellm8@illinois.edu,7027932685,7131639694
802,btroughtonm9@ft.com,5805027203,1613246901
803,psreenanma@jigsy.com,7419189594,8524277728
804,hbroadfieldmb@geocities.com,2482690832,6171993302
805,mburthommc@gravatar.com,3906096519,1553395289
806,eoppiemd@ftc.gov,2198823757,1671550405
807,rbodkerme@addthis.com,9624477188,2389544809
808,amendoncamf@who.int,3024817878,5582173565
809,sdillestonmg@soup.io,4904966045,4689410192
810,sjacobsohnmh@simplemachines.org,1491782543,5204508121
811,cshipseymi@ox.ac.uk,3191791389,4266187678
812,bdonisimj@domainmarket.com,3182743234,6751602348
813,cmacanespiemk@netvibes.com,7268792875,9177126909
814,klegallml@trellian.com,5847219825,8696538223
815,gbertlinmm@ebay.co.uk,1837282934,6299905416
816,svaudmn@imageshack.us,2419045296,1707992344
817,ehamlenmo@addtoany.com,4239191279,4343460061
818,lhurburtmp@pbs.org,7819860034,9596458602
819,smccaffertymq@aboutads.info,8748150868,7653495742
820,ghovertmr@ehow.com,4011769145,7834077176
821,mettritchms@hugedomains.com,9816424083,5133105486
822,hmcgeneaymt@netscape.com,5624486850,3812152543
823,jfeechanmu@cornell.edu,5127389645,2847256959
824,rmegaineymv@photobucket.com,7449429764,8917877116
825,ogreadymw@youtube.com,6319700627,8991798519
826,ecrookallmx@cbslocal.com,1458916231,1944230009
827,ariolfomy@purevolume.com,3426784801,3019365499
828,wmcvanemz@aol.com,1034843619,9271682119
829,rgingedalen0@webeden.co.uk,8316210617,6012517972
830,delloyn1@weibo.com,1228159310,4282531774
831,enaismithn2@1688.com,6652883562,3863639726
832,ebandyn3@tinypic.com,2332300893,1346824982
833,mricardinn4@mozilla.com,2118068642,6474874862
834,abryentonn5@icq.com,7078467695,9155720968
835,hlacelettn6@godaddy.com,6151725257,4066438698
836,smcmorrann7@1688.com,9406974982,3394752612
837,fbernolletn8@wikimedia.org,1794632806,8653226913
838,mlambournn9@ebay.com,2161465166,3437953374
839,dnationna@tamu.edu,4429195455,2286286877
840,jexeternb@harvard.edu,9732150137,5978272715
841,efalksnc@ezinearticles.com,8435099017,2724768081
842,jgallend@google.cn,3122586049,6908541446
843,emulberryne@pinterest.com,9636420600,6921437698
844,isollnernf@cdbaby.com,7347940121,4952574011
845,ddoveyng@mediafire.com,4406637193,8253392854
846,lfishbournnh@theatlantic.com,3226521568,3944683529
847,evennardni@nifty.com,2285332550,3768474371
848,vwetherbynj@edublogs.org,8798682094,2799859579
849,kfluckernk@chron.com,5766900306,1421764868
850,tbrauntonnl@ft.com,4031067770,5678775394
851,bsibbaldnm@upenn.edu,3214861572,1414130956
852,challutnn@engadget.com,6025678196,3069269016
853,ctreugeno@php.net,1003240008,1131004048
854,brustnp@statcounter.com,4949365153,2824669686
855,lgrahlmannq@sina.com.cn,5927057078,9994004338
856,mheamsnr@nyu.edu,2511140925,1094698374
857,rcocktonns@epa.gov,7856929675,7849590112
858,cblaskent@soundcloud.com,2855576253,5849905558
859,gmarrownu@constantcontact.com,4425856180,4316761030
860,bmessumnv@ucla.edu,5097168060,8799587042
861,tpresdienw@sciencedaily.com,6494987074,7381539838
862,swashingtonnx@archive.org,2818704754,2835744253
863,ajeacopny@bbb.org,2188784398,6808694406
864,croggierinz@china.com.cn,9979216589,6276390686
865,tseelyo0@chron.com,3776222402,5853064299
866,dcleereo1@bloglovin.com,8985411032,9232050191
867,cgroomeo2@bandcamp.com,3501832765,3147840129
868,ohorsteado3@parallels.com,3714050554,6501203416
869,mobradaneo4@army.mil,9023413021,9954391277
870,jjerscho5@fotki.com,1671497910,4577654879
871,isynnotto6@huffingtonpost.com,5317831748,6485435576
872,fcharterso7@seesaa.net,7276372458,5581715426
873,ljosefsono8@dedecms.com,5229202165,4349060335
874,cwarlawo9@redcross.org,2158701812,9962202413
875,aneateoa@cisco.com,5378566145,6867410578
876,tcassidyob@linkedin.com,8226895375,5078809703
877,mbruinsoc@usgs.gov,8466289958,5754116594
878,cmurfettod@google.co.uk,2991245487,3189496832
879,lcausonoe@reuters.com,5271081313,5873153907
880,bhuffaof@sun.com,8392379909,8673762031
881,vconmanog@admin.ch,5668020068,4662891740
882,mwassungoh@mediafire.com,7008105279,2621086887
883,jsulleroi@ning.com,2603680346,6541928458
884,afenderoj@sun.com,9935082462,5796652256
885,eocannanok@csmonitor.com,2297571544,6997669182
886,kgreschol@nature.com,8657857790,9065719976
887,acawderyom@altervista.org,8986728476,3687948317
888,rtaggarton@uol.com.br,1844317933,4608577083
889,vstubbinsoo@diigo.com,1601766371,8844083563
890,mellsomop@smugmug.com,3448484404,4513130335
891,ryudeoq@4shared.com,1146589189,1826491170
892,ksandersonor@nsw.gov.au,1241361093,2046455610
893,dladleyos@privacy.gov.au,2426574513,1977783572
894,rbarabischot@usatoday.com,1642470857,3155199627
895,pblankauou@dailymail.co.uk,4607367275,7132654908
896,smaccafferkyov@xing.com,1011988650,3578586489
897,ireadwoodow@ameblo.jp,1129167471,9355635468
898,csaterthwaitox@time.com,4735635698,6728087947
899,mdenecampoy@yale.edu,4987338210,2596629209
900,ugrimblebyoz@ed.gov,3444518755,3208096462
901,lmintyp0@multiply.com,6522327248,3399697947
902,hpilburyp1@seattletimes.com,2042938491,4194659457
903,swoolastonp2@multiply.com,9798912236,2331571836
904,fsharrierp3@hud.gov,6677497390,2689162703
905,kdrinkeldp4@g.co,1316980502,7111222671
906,etrumblep5@google.pl,1792615855,2465482911
907,cbafordp6@eventbrite.com,4719531548,2907359510
908,krudhamp7@linkedin.com,4125325544,8449493797
909,sfisbeyp8@about.me,1705464360,9464664086
910,emcveightyp9@feedburner.com,3837095491,1758205717
911,rpyottpa@reverbnation.com,1208867010,9726751714
912,motterypb@furl.net,5702698950,1548265487
913,jstuddeardpc@goodreads.com,1859522799,3973117061
914,acoltartpd@forbes.com,1242086670,4347358338
915,chanspe@furl.net,8447336097,3813294601
916,cpearspf@berkeley.edu,2039785971,3948242272
917,rlangabeerpg@instagram.com,7813765662,3204085466
918,rnuschkeph@msn.com,8343834908,3905390061
919,aairetonpi@jigsy.com,8828214107,4655685366
920,aspeerepj@ocn.ne.jp,7968750985,9641518293
921,rslanypk@irs.gov,1048321641,5958159902
922,tgittoespl@posterous.com,9593529912,1308551310
923,pesherwoodpm@sohu.com,2094605987,4989101258
924,apesikpn@issuu.com,6095985593,3332121090
925,gthireaupo@domainmarket.com,4829426619,4998775062
926,bmablesonpp@deviantart.com,8889122531,2668218755
927,mpavlovicpq@flavors.me,5332930452,6999950237
928,cculchethpr@dell.com,3864698659,8406664321
929,gcrangps@taobao.com,5002067689,9068110065
930,myezafovichpt@delicious.com,5103175236,1414964222
931,kjervoispu@godaddy.com,2824408087,8053523532
932,gbatalinipv@about.me,5327632115,6938031659
933,vmorenapw@globo.com,2743629749,8926645914
934,cblackmorepx@hubpages.com,9868009575,8541983648
935,dhubertpy@instagram.com,8389405132,8359340163
936,vmulqueenypz@mozilla.org,4168956988,9031707342
937,dlabrumq0@goo.ne.jp,3503093961,5813861610
938,hjozefq1@canalblog.com,2484469675,9897008900
939,cfillanq2@gravatar.com,7361182377,4719066326
940,lkleszinskiq3@pinterest.com,9454462376,7349021531
941,bseymerq4@reddit.com,1856732381,9516524865
942,kbartosinskiq5@goo.ne.jp,8317608104,6595454084
943,cnoadq6@washington.edu,6027089022,9961120021
944,dwildeq7@opera.com,4223686605,6867707755
945,tpimlettq8@people.com.cn,4605774642,3985204887
946,nwhitehallq9@example.com,6968877533,2633166453
947,agarteryqa@fema.gov,7424402602,2995964185
948,jboseleyqb@nbcnews.com,1615724013,5425702613
949,tgrimmolbyqc@trellian.com,3227902804,9897270683
950,kocanavanqd@theguardian.com,8178984569,2968966557
951,hsantenqe@illinois.edu,8185857122,8226166808
952,rginieqf@liveinternet.ru,8825533576,8081150823
953,bjagielloqg@scientificamerican.com,8856937657,8055710082
954,dmckombqh@scientificamerican.com,3115306431,8425533329
955,nsoallqi@nih.gov,2613030903,8824373544
956,bflackeqj@admin.ch,2244665455,4257220476
957,hswateqk@trellian.com,3522199245,4987245142
958,afickql@taobao.com,8116718360,8496814948
959,dpirreyqm@mail.ru,8745777182,4373167506
960,rvannacciqn@yellowbook.com,4008112818,7374771666
961,mchattelaineqo@biblegateway.com,1947602283,1876682816
962,lvansonqp@angelfire.com,7699192097,6936215117
963,kygoeqq@nih.gov,9724320036,9734843139
964,kmarrionqr@auda.org.au,9267228445,2135436148
965,mstiellqs@google.cn,8903137154,7321619302
966,dferneqt@mozilla.com,7871776254,6475604142
967,pblownqu@vimeo.com,7642254750,1198808873
968,acranhamqv@marriott.com,5408597868,9292841218
969,jpollokqw@ft.com,8535392114,9717394861
970,sgroseqx@hostgator.com,1189028130,5437256486
971,hbalfourqy@si.edu,4987804495,6285778427
972,emcdougaldqz@omniture.com,6102946118,9642510874
973,sthyerr0@chron.com,9472744051,2997862290
974,pcollopr1@ezinearticles.com,4926359522,8503633192
975,mhelianr2@bbc.co.uk,3742631268,4506863552
976,tbaserr3@ebay.com,6521119729,5839581355
977,ofraner4@about.me,3028251517,4927052960
978,djedrychr5@yellowbook.com,9149297398,8276309365
979,twortr6@mozilla.org,1679139653,1844288688
980,jlinesr7@indiegogo.com,3771892646,1797060290
981,cbremleyr8@fema.gov,4077321280,6171910372
982,beamesr9@smh.com.au,9745067266,9907639559
983,llaurentinra@blogger.com,3869462487,9708952970
984,begdalrb@statcounter.com,3152850566,4509699537
985,mbrookbankrc@1und1.de,4209077486,3128143786
986,astreetsrd@scientificamerican.com,3337185968,8374634117
987,rsteptore@netscape.com,3325331565,6129126680
988,afinesrf@goo.ne.jp,9053822848,3322536637
989,ddulantyrg@topsy.com,8176102584,3112447145
990,dberthomierrh@sogou.com,6263119825,6667625273
991,fsalisburyri@scientificamerican.com,1329537631,6758491559
992,sdinapolirj@google.ca,6334710200,1822178423
993,ajoselandrk@smh.com.au,9075516426,4586794983
994,obuickrl@statcounter.com,2644564193,3477435282
995,lpaulsonrm@youku.com,8226092728,1156465996
996,rhospitalrn@paginegialle.it,9149116286,5525588701
997,lgarthlandro@businessweek.com,1081837306,7721215039
998,abrownswordrp@opensource.org,7728533575,5908607891
999,dcrinsonrq@reuters.com,8457853699,1071937827
1000,temeneyrr@samsung.com,1085138114,7411140487
